Country;ISO;Region;GMI 1990;Rank 1990;GMI 1991;Rank 1991;GMI 1992;Rank 1992;GMI 1993;Rank 1993;GMI 1994;Rank 1994;GMI 1995;Rank 1995;GMI 1996;Rank 1996;GMI 1997;Rank 1997;GMI 1998;Rank 1998;GMI 1999;Rank 1999;GMI 2000;Rank 2000;GMI 2001;Rank 2001;GMI 2002;Rank 2002;GMI 2003;Rank 2003;GMI 2004;Rank 2004;GMI 2005;Rank 2005;GMI 2006;Rank 2006;GMI 2007;Rank 2007;GMI 2008;Rank 2008;GMI 2009;Rank 2009;GMI 2010;Rank 2010;GMI 2011;Rank 2011;GMI 2012;Rank 2012;GMI 2013;Rank 2013;GMI 2014;Rank 2014;GMI 2015;Rank 2015;GMI 2016;Rank 2016;GMI 2017;Rank 2017;GMI 2018;Rank 2018;GMI 2019;Rank 2019;GMI 2020;Rank 2020;GMI 2021;Rank 2021;GMI 2022;Rank 2022
Ukraine;UKR;Eastern Europe;..;..;..;..;135;69;136;70;175;46;174;38;173;38;181;36;169;41;165;40;166;38;158;40;154;41;155;39;159;40;176;27;176;29;160;35;159;39;151;43;150;44;144;45;145;44;136;45;143;41;161;23;159;23;156;23;160;21;165;19;176;17;169;19;335;1
Israel;ISR;Middle East;387;2;394;2;374;1;377;1;365;1;351;1;347;1;342;1;337;2;330;3;327;2;323;2;321;2;320;2;320;2;315;2;312;2;321;1;319;1;315;1;312;1;298;1;291;1;288;1;284;1;282;1;280;1;279;1;274;1;269;1;267;1;263;1;257;2
Armenia;ARM;Eastern Europe;..;..;..;..;215;25;186;38;192;33;233;15;222;20;232;17;224;15;225;18;218;20;204;23;199;23;194;23;197;23;212;15;213;16;214;12;213;12;227;9;231;9;226;9;224;8;222;8;222;6;225;6;224;7;218;7;226;4;231;3;232;2;225;3;223;3
Qatar;QAT;Middle East;295;7;306;6;306;5;318;3;361;2;..;..;..;..;..;..;..;..;..;..;..;..;..;..;244;11;226;14;210;16;200;21;187;25;183;24;176;25;165;32;151;43;152;42;149;41;144;39;..;..;..;..;..;..;..;..;..;..;..;..;..;..;212;6;220;4
Bahrain;BHR;Middle East;244;17;284;9;287;8;296;7;329;3;300;6;300;3;301;3;299;4;298;5;289;5;282;5;285;4;280;5;270;5;254;6;250;7;234;8;228;8;237;8;231;8;240;5;241;5;242;4;237;3;235;4;236;3;232;3;230;2;233;2;232;3;226;2;215;5
Saudi Arabia;SAU;Middle East;309;6;286;7;276;11;281;10;299;9;253;10;248;11;266;12;281;6;259;11;257;10;259;9;250;9;255;7;252;8;251;7;252;6;252;5;238;6;246;4;239;5;227;8;227;7;228;6;234;5;244;3;226;6;227;5;221;6;214;5;222;4;214;5;213;6
Greece;GRC;Western Europe;237;19;231;18;232;22;234;19;233;21;227;18;225;17;219;22;220;20;217;20;218;19;214;20;214;19;207;20;208;18;208;18;199;21;201;17;204;16;206;16;195;17;194;17;193;18;192;17;195;15;198;15;199;14;199;13;201;11;198;12;201;12;210;9;211;7
Singapore;SGP;East Asia;344;3;346;3;341;3;333;2;325;4;323;2;323;2;327;2;326;3;332;2;308;3;308;3;309;3;315;3;319;3;314;3;306;3;298;2;293;2;288;2;273;2;272;2;268;2;264;2;261;2;259;2;258;2;234;2;228;3;212;6;210;8;212;7;210;8
Azerbaijan;AZE;Eastern Europe;..;..;..;..;175;38;209;29;181;41;203;27;188;28;183;34;174;37;175;36;180;31;185;26;171;34;174;29;177;31;177;26;196;22;187;23;195;19;189;22;181;22;207;14;206;13;207;13;204;12;209;10;190;16;192;16;192;15;193;14;207;10;203;13;204;9
Russia;RUS;Eastern Europe;..;..;..;..;286;9;264;14;258;16;246;12;238;13;239;15;220;19;221;19;223;18;225;15;227;14;226;13;240;11;239;10;238;8;237;7;237;7;245;6;241;4;241;4;244;4;212;10;211;10;220;8;228;5;216;9;207;8;208;9;209;9;204;11;204;10
Lebanon;LBN;Middle East;219;24;196;26;214;26;222;27;264;14;232;16;227;15;215;23;215;21;230;17;234;14;235;12;230;13;229;12;227;13;226;13;224;12;220;10;214;10;216;12;214;13;211;10;213;10;210;11;211;11;209;11;215;10;211;11;216;7;211;7;199;13;203;12;204;11
Kuwait;KWT;Middle East;413;1;444;1;348;2;282;9;290;10;302;5;281;6;268;10;262;11;258;12;265;7;261;8;260;7;255;8;265;6;251;8;232;10;229;9;218;9;222;10;215;12;209;13;204;15;197;15;198;14;207;13;214;11;211;10;205;9;205;10;219;6;221;4;204;12
Oman;OMN;Middle East;275;11;270;12;279;10;278;11;317;6;276;7;268;7;274;8;262;12;260;9;258;9;266;6;262;6;261;6;260;7;264;5;261;5;257;3;242;5;244;7;237;7;239;6;258;3;247;3;236;4;233;5;236;4;222;6;225;5;216;4;221;5;211;8;203;13
Jordan;JOR;Middle East;311;5;315;5;290;7;286;8;278;11;255;8;266;9;268;11;271;9;264;8;263;8;255;10;249;10;253;9;248;9;243;9;238;9;245;6;245;4;246;5;239;6;231;7;224;9;221;9;214;9;209;12;206;12;207;12;204;10;202;11;202;11;203;14;200;14
Korea, Republic of;KOR;East Asia;253;15;247;15;241;17;236;18;231;23;226;19;223;19;222;19;222;16;216;21;217;21;214;19;212;21;211;17;211;15;212;16;215;14;213;13;212;13;210;14;205;14;205;15;205;14;204;14;204;13;201;14;200;13;192;15;193;14;191;15;195;15;193;15;192;15
Brunei;BRN;East Asia;282;9;278;10;273;12;274;12;271;12;255;9;255;10;275;7;272;8;260;10;250;11;249;11;253;8;249;10;229;12;228;12;228;11;218;11;213;11;220;11;221;10;210;12;208;12;208;12;221;7;218;9;222;8;228;4;200;12;209;8;215;7;207;10;190;16
Cyprus;CYP;Western Europe;279;10;285;8;303;6;267;13;262;15;244;13;268;8;269;9;258;13;235;16;228;15;232;13;212;20;211;18;209;17;210;17;206;18;201;18;198;18;196;18;195;16;197;16;195;16;193;16;189;17;191;17;187;17;193;14;196;13;195;13;197;14;187;16;182;17
Algeria;DZA;North Africa;139;58;129;63;153;56;156;54;166;49;161;46;167;41;180;37;185;31;184;32;180;30;184;27;188;26;181;26;179;29;176;28;173;30;172;27;172;27;179;24;175;24;181;20;180;21;180;20;187;18;193;16;191;15;187;17;184;16;188;16;193;16;185;17;178;18
Belarus;BLR;Eastern Europe;..;..;..;..;208;27;223;25;231;22;199;30;186;32;194;30;188;28;205;24;205;23;207;21;204;22;201;21;204;20;208;19;213;15;212;14;208;14;207;15;188;19;183;19;177;22;177;23;178;19;176;20;176;18;173;18;172;18;172;18;171;19;171;18;174;19
Morocco;MAR;North Africa;179;35;178;33;177;37;181;40;182;40;178;37;173;39;174;40;161;42;153;48;142;52;166;35;161;39;161;35;169;34;164;34;162;37;159;37;160;37;160;39;160;35;159;31;161;29;165;26;159;27;154;33;154;29;155;27;160;22;160;23;172;18;169;20;168;20
Lithuania;LTU;Central Europe;..;..;..;..;..;..;43;134;37;141;43;134;44;133;49;131;67;113;63;119;72;110;96;95;107;88;109;86;113;78;112;79;119;77;113;80;113;79;112;80;109;81;108;80;94;91;94;85;96;81;119;58;127;50;134;47;144;32;148;29;151;29;152;27;162;21
Botswana;BWA;Sub-Saharan Africa;156;46;157;45;159;48;166;43;175;44;158;48;146;54;150;51;184;32;188;29;165;39;175;31;178;31;173;30;165;35;164;35;170;32;170;28;170;28;170;26;162;29;157;34;155;34;153;35;154;33;162;22;167;20;162;20;158;23;159;24;162;21;160;22;160;22
Cambodia;KHM;East Asia;124;65;124;65;148;59;116;84;162;51;162;45;175;36;185;33;177;35;177;34;179;33;170;34;162;36;161;34;157;43;154;43;120;75;117;78;139;50;150;44;154;42;152;41;158;31;158;30;157;29;160;24;161;22;164;19;165;19;162;22;164;20;163;21;160;23
Togo;TGO;Sub-Saharan Africa;123;67;114;74;118;79;134;71;127;79;86;106;85;106;85;105;84;102;..;..;..;..;..;..;..;..;75;114;107;87;107;86;106;89;103;93;106;86;102;90;101;89;100;87;99;84;99;80;77;108;98;83;100;79;95;82;97;78;114;63;107;73;122;53;156;24
United States of America;USA;North America;201;26;198;25;196;30;192;35;186;37;173;39;168;40;162;45;153;49;151;50;149;45;148;44;151;43;154;41;159;39;158;39;158;40;159;36;167;31;165;33;173;25;171;22;174;24;170;25;165;23;158;27;157;26;156;24;149;28;149;27;155;26;154;24;154;25
Finland;FIN;Western Europe;183;33;191;28;194;32;198;32;196;32;199;29;190;27;190;31;186;29;183;33;180;29;179;29;179;28;181;25;184;27;163;36;160;38;156;39;156;41;164;35;157;39;155;38;157;33;156;31;154;32;155;31;148;34;145;34;147;29;146;30;148;32;144;32;152;26
Serbia;SRB;Central Europe;..;..;..;..;..;..;..;..;..;..;..;..;..;..;..;..;..;..;..;..;..;..;..;..;..;..;..;..;..;..;..;..;186;26;137;53;135;53;135;55;133;54;132;54;132;51;131;51;132;49;130;48;128;49;131;48;123;52;138;38;136;44;138;41;149;27
Iran;IRN;Middle East;153;49;141;54;134;70;132;73;146;67;150;53;155;46;158;47;155;47;150;51;143;51;147;46;144;48;147;47;163;36;159;38;172;31;163;32;162;35;165;31;160;33;157;35;149;40;141;41;141;43;147;37;149;33;149;30;138;39;138;37;138;39;142;35;147;28
Estonia;EST;Central Europe;..;..;..;..;..;..;37;137;44;137;74;112;76;110;86;102;93;95;98;92;101;87;104;87;111;85;112;81;107;86;104;89;122;70;124;67;132;55;134;56;135;52;136;49;144;45;140;42;142;42;145;40;144;35;144;37;145;31;143;32;149;31;145;30;144;29
Mongolia;MNG;East Asia;292;8;266;13;239;19;230;21;226;24;224;20;225;16;199;27;201;22;199;27;197;25;191;25;179;30;174;28;178;30;169;31;168;33;169;29;162;33;157;40;161;32;162;28;163;28;160;29;160;26;159;25;158;24;155;26;151;26;148;28;149;30;144;31;143;30
Chad;TCD;Sub-Saharan Africa;86;93;86;92;85;102;98;97;96;103;83;108;86;105;117;79;115;80;133;60;119;75;118;77;119;75;113;80;102;92;96;97;133;55;152;41;165;32;190;20;176;23;169;24;165;26;172;24;138;45;125;51;142;40;128;50;127;49;124;54;136;43;136;42;141;31
Namibia;NAM;Sub-Saharan Africa;112;71;104;80;99;90;120;82;119;85;108;86;107;86;111;84;115;79;146;52;130;65;133;58;127;69;127;63;144;50;146;48;143;48;141;49;145;47;151;42;156;40;156;37;150;39;135;46;148;37;148;35;143;38;148;32;146;30;145;31;146;33;143;34;139;32
Mauritania;MRT;Sub-Saharan Africa;111;72;107;76;89;97;88;103;94;106;126;74;134;65;139;59;116;78;125;71;141;54;155;41;134;59;152;44;176;32;170;30;167;34;165;30;169;29;166;30;166;27;166;26;147;42;144;38;143;40;140;43;143;36;140;40;140;35;137;42;142;34;140;36;139;33
Myanmar;MMR;East Asia;137;59;138;56;146;62;149;60;151;60;142;62;142;57;129;68;121;73;112;80;115;78;104;86;90;99;108;89;131;63;120;70;122;71;124;65;123;69;..;..;..;..;..;..;165;27;163;28;155;31;158;26;156;28;147;33;132;44;129;50;141;35;143;33;138;34
Iraq;IRQ;Middle East;..;..;..;..;..;..;..;..;..;..;..;..;..;..;..;..;..;..;..;..;..;..;..;..;..;..;..;..;92;102;81;110;80;111;128;62;162;34;173;25;160;36;167;25;158;30;185;19;165;24;187;18;163;21;162;21;151;27;162;21;160;23;152;28;137;35
Romania;ROU;Central Europe;237;18;245;16;238;20;209;31;214;28;201;28;192;26;197;28;196;24;188;30;185;28;171;33;166;35;158;38;157;41;158;40;140;50;131;56;129;59;124;66;130;56;132;53;132;52;134;48;136;48;138;45;139;43;143;38;137;40;137;40;140;37;139;37;137;36
South Sudan;SSD;Sub-Saharan Africa;..;..;..;..;..;..;..;..;..;..;..;..;..;..;..;..;..;..;..;..;..;..;..;..;..;..;..;..;..;..;..;..;..;..;..;..;..;..;..;..;..;..;163;27;193;17;178;21;173;21;176;19;142;41;106;72;174;17;179;17;162;22;132;47;137;37
Croatia;HRV;Central Europe;..;..;..;..;268;13;301;5;322;5;317;3;293;5;288;5;247;14;238;15;224;16;201;24;197;24;166;32;160;38;161;37;159;39;150;43;148;46;147;46;140;48;142;47;138;48;121;62;124;52;133;47;130;48;131;49;132;45;130;47;131;46;138;38;137;38
Egypt;EGY;Middle East;217;25;211;23;197;29;192;36;189;35;181;35;179;34;174;41;169;40;167;39;166;36;174;32;177;32;189;24;185;25;183;25;180;28;178;26;174;26;156;41;154;41;149;44;143;46;141;40;152;35;152;34;151;32;145;35;139;37;140;36;138;38;138;40;136;39
Uruguay;URY;South America;143;57;130;62;138;66;140;67;155;56;143;59;145;55;140;57;138;54;159;44;139;56;141;53;138;55;134;58;133;61;133;57;127;62;123;70;129;58;126;65;130;57;126;58;128;54;135;47;138;46;138;46;137;46;137;43;137;42;136;43;138;40;138;39;135;40
Turkey;TUR;Western Europe;221;23;271;11;241;18;224;24;218;27;212;23;216;23;212;24;197;23;201;26;196;26;184;28;185;27;179;27;171;33;167;32;165;35;162;34;161;36;164;34;161;31;157;33;157;32;154;32;153;34;155;30;152;31;151;29;160;20;163;20;159;24;150;29;135;41
Montenegro;MNE;Central Europe;..;..;..;..;..;..;..;..;..;..;..;..;..;..;..;..;..;..;..;..;..;..;..;..;..;..;..;..;..;..;..;..;207;17;193;21;185;23;189;21;189;18;157;36;151;37;146;37;146;39;144;42;143;37;142;39;141;33;142;33;158;25;156;23;134;42
Georgia;GEO;Eastern Europe;..;..;..;..;..;..;..;..;..;..;..;..;112;82;122;72;125;70;121;74;120;73;122;74;129;63;130;60;137;58;144;51;164;36;204;16;192;20;168;28;159;37;155;39;154;36;153;34;150;36;145;41;140;42;139;41;137;41;135;44;137;41;134;43;131;43
Pakistan;PAK;South Asia;195;28;194;27;201;28;196;33;190;34;189;31;187;31;183;35;178;34;174;37;163;41;160;38;162;38;163;33;162;37;157;42;151;45;149;44;148;45;146;47;149;45;149;43;150;38;148;36;147;38;139;44;137;47;137;44;139;38;142;34;137;42;134;44;130;44
Tunisia;TUN;North Africa;136;60;134;61;130;72;132;74;146;65;130;70;132;69;125;70;123;71;120;76;120;72;119;75;117;78;116;76;110;83;113;78;112;84;107;88;107;84;106;83;104;87;108;81;107;81;108;77;113;67;118;60;119;57;116;58;121;53;127;52;130;49;129;51;128;45
Poland;POL;Central Europe;178;36;167;40;165;43;165;44;157;55;150;54;146;53;143;56;142;51;140;56;138;57;137;56;128;65;126;67;128;66;129;63;129;61;130;59;125;65;119;74;120;68;120;65;118;68;124;58;126;51;130;49;127;51;127;52;129;46;129;49;129;51;129;50;127;46
Norway;NOR;Western Europe;189;29;186;29;188;33;182;39;182;39;166;41;163;42;162;44;158;44;157;45;146;46;144;50;150;44;148;46;150;46;145;50;140;49;131;57;128;60;128;60;128;59;124;60;124;59;123;59;123;56;122;55;124;54;124;53;129;47;130;48;132;45;130;48;127;47
Sri Lanka;LKA;South Asia;135;62;148;52;156;52;159;53;166;48;184;34;173;37;165;43;170;39;160;42;163;40;159;39;157;40;151;45;149;48;136;54;146;47;151;42;149;43;147;45;146;46;144;46;135;49;133;50;137;47;146;39;138;45;138;42;133;43;131;46;129;50;130;49;123;48
Congo, Republic of;COG;Sub-Saharan Africa;180;34;..;..;168;40;164;47;175;45;153;50;154;47;..;..;..;..;..;..;..;..;128;65;138;54;141;51;150;47;131;59;131;57;143;48;137;52;136;53;133;53;128;57;126;56;138;43;168;22;164;21;175;19;158;22;141;34;140;35;141;36;134;45;123;49
Angola;AGO;Sub-Saharan Africa;262;12;207;24;195;31;239;17;180;42;165;42;149;50;220;21;182;33;320;4;243;13;215;18;191;25;173;31;188;24;195;22;195;23;182;25;186;21;187;23;187;20;174;21;174;23;187;18;191;16;147;38;138;44;148;31;139;36;134;45;131;48;121;54;122;50
Burundi;BDI;Sub-Saharan Africa;105;74;106;77;103;86;109;91;129;78;117;80;137;61;144;54;157;45;184;31;143;50;154;42;149;46;159;37;181;28;175;29;157;42;154;40;140;48;139;50;131;55;132;55;127;55;124;57;123;57;125;52;126;53;114;61;117;56;127;53;119;56;111;64;121;51
France;FRA;Western Europe;159;45;157;44;155;53;153;57;152;59;150;52;147;52;143;55;137;56;134;59;133;63;130;62;127;68;127;64;128;65;131;60;130;60;133;54;125;68;128;61;121;67;120;66;119;67;115;69;115;63;112;67;111;68;110;67;110;66;110;67;113;65;112;61;118;52
Mali;MLI;Sub-Saharan Africa;85;94;84;94;83;105;75;113;81;115;71;117;67;118;69;115;67;116;77;106;68;114;66;119;64;121;67;120;88;105;86;103;85;108;83;111;84;108;79;113;81;106;76;114;76;116;56;139;71;118;89;94;93;86;101;77;97;77;102;73;115;62;126;52;118;53
Kyrgyzstan;KGZ;Central Asia;..;..;..;..;106;84;131;75;135;75;136;65;130;70;134;62;130;64;130;65;137;58;133;61;137;57;136;56;136;59;130;62;130;58;122;75;119;74;123;70;122;65;120;64;123;60;123;60;124;53;124;53;123;56;120;54;120;54;118;58;121;54;118;56;118;54
Chile;CHL;South America;172;37;159;43;159;49;160;52;149;61;149;55;145;56;146;52;138;55;143;55;140;55;141;54;152;42;154;40;157;44;154;44;153;44;147;46;149;44;142;49;136;50;135;50;130;53;129;52;128;50;127;50;126;52;127;51;125;50;124;55;126;53;119;55;117;55
Australia;AUS;Oceania;121;68;123;68;123;76;124;78;122;81;117;79;114;80;112;82;111;82;111;84;108;83;108;83;108;87;108;88;105;90;104;88;107;88;107;89;109;82;110;81;105;85;110;79;112;75;110;75;111;69;112;69;114;64;112;64;110;65;110;68;111;68;111;65;116;56
Switzerland;CHE;Western Europe;170;39;169;37;163;46;160;51;159;53;151;51;147;51;145;53;141;52;139;57;133;61;133;60;132;61;131;59;116;74;118;74;114;80;122;74;122;72;120;72;117;70;117;68;113;72;113;70;108;74;107;75;113;65;113;62;112;62;113;65;119;57;117;58;114;57
Bulgaria;BGR;Central Europe;254;14;237;17;246;16;228;22;225;25;221;21;222;22;222;20;221;18;215;22;216;22;217;17;214;18;207;19;204;19;202;20;201;20;198;20;186;22;167;29;158;38;161;29;121;62;124;55;121;59;120;57;108;72;102;76;107;67;137;39;113;64;112;62;114;58
Gabon;GAB;Sub-Saharan Africa;..;..;..;..;..;..;..;..;..;..;..;..;..;..;..;..;..;..;..;..;137;59;117;79;115;81;111;85;126;69;118;73;120;76;120;76;118;75;117;77;117;71;104;85;107;79;109;76;99;78;102;79;117;58;120;55;119;55;120;57;120;55;116;59;114;59
Guinea-Bissau;GNB;Sub-Saharan Africa;97;85;96;84;95;92;..;..;110;90;101;90;102;89;104;91;123;72;139;58;144;49;124;71;123;72;122;71;146;49;151;46;150;46;148;45;150;42;138;51;137;49;133;52;146;43;138;44;140;44;121;56;117;59;118;56;114;58;116;59;116;61;117;57;112;60
Slovakia;SVK;Central Europe;..;..;..;..;..;..;210;28;208;30;205;25;187;30;167;42;158;43;154;47;145;48;146;47;139;53;135;57;139;56;140;52;131;56;131;58;130;57;129;59;124;63;104;84;100;83;97;82;98;79;101;80;101;78;100;78;98;75;112;66;117;58;113;60;111;61
Sweden;SWE;Western Europe;188;30;186;30;185;34;186;37;184;38;187;33;187;29;177;38;172;38;170;38;170;34;145;48;134;60;126;66;142;52;145;49;124;67;129;60;123;71;116;78;116;74;113;76;107;80;104;79;104;76;114;66;113;66;112;63;112;64;108;69;108;71;109;71;111;62
Thailand;THA;East Asia;153;51;152;49;154;55;152;59;148;62;145;57;140;59;140;58;136;57;132;63;130;64;129;63;126;70;124;70;120;73;119;71;120;74;125;64;128;61;130;58;123;64;125;59;124;58;125;53;124;54;123;54;123;55;117;57;116;57;115;60;116;59;112;63;110;63
Latvia;LVA;Central Europe;..;..;..;..;46;128;49;131;40;139;69;118;60;127;58;127;59;122;65;117;69;112;76;111;85;106;86;100;85;109;75;118;77;114;91;104;92;101;72;121;66;127;65;130;66;133;66;127;66;126;70;121;77;108;80;106;105;70;104;71;105;76;109;69;110;64
Italy;ITA;Western Europe;152;52;146;53;143;64;142;63;136;74;135;66;136;63;136;61;132;61;131;64;129;66;128;66;127;67;127;62;128;67;114;76;114;81;109;85;114;77;114;79;108;83;113;75;111;77;95;84;93;83;91;88;94;83;94;85;94;83;92;85;98;83;110;67;109;65
Colombia;COL;South America;101;79;99;82;106;85;112;88;109;91;113;82;129;71;109;86;116;77;118;77;114;79;116;80;118;76;122;72;121;72;119;72;123;68;123;68;127;62;127;63;124;62;113;74;116;69;117;68;115;64;114;65;115;61;116;59;113;61;113;64;115;63;109;70;109;66
Denmark;DNK;Western Europe;160;44;161;42;164;45;161;49;158;54;158;47;154;48;155;48;154;48;145;53;142;53;141;52;142;49;141;52;130;64;128;64;125;66;128;61;125;66;118;75;115;75;123;62;122;61;118;65;115;62;115;64;110;69;109;70;113;59;102;72;109;69;106;75;109;67
Sudan;SDN;Sub-Saharan Africa;154;48;151;50;155;54;162;48;179;43;127;73;112;81;103;92;135;58;176;35;166;37;144;49;149;45;127;65;184;26;157;41;155;43;158;38;168;30;169;27;172;26;171;23;184;19;..;..;..;..;148;36;142;39;145;36;124;51;120;56;107;72;107;73;107;68
Slovenia;SVN;Central Europe;..;..;..;..;146;60;143;61;135;77;142;61;142;58;132;65;132;62;132;62;134;60;133;59;131;62;125;68;123;71;123;69;125;64;123;71;125;67;126;64;122;66;116;70;113;73;112;72;110;71;109;72;110;70;109;69;100;73;101;77;100;80;107;74;106;69
United Kingdom;GBR;Western Europe;167;40;168;39;165;44;161;50;155;57;144;58;138;60;137;60;135;59;133;61;133;62;129;64;128;64;128;61;127;68;124;68;122;72;122;73;122;73;124;68;117;73;112;77;112;76;111;74;108;73;106;76;107;73;106;71;106;68;102;74;103;78;103;76;106;70
Venezuela;VEN;South America;99;82;106;78;103;87;113;85;101;98;98;95;88;101;105;89;99;91;95;95;93;96;94;96;85;105;87;99;89;104;99;95;92;101;93;102;93;97;79;112;74;114;79;111;89;96;99;81;87;92;93;85;77;107;134;45;85;95;137;41;126;52;96;84;106;71
Rwanda;RWA;Sub-Saharan Africa;101;78;125;64;110;82;112;87;114;88;56;126;129;72;121;77;109;83;127;67;118;76;124;70;120;73;98;96;101;93;80;113;73;123;66;131;65;126;74;117;71;120;67;128;65;135;93;86;96;82;96;84;95;82;94;86;96;79;96;81;100;81;101;78;103;72
Uganda;UGA;Sub-Saharan Africa;88;92;81;96;63;116;72;115;82;114;73;113;75;111;77;110;79;106;96;94;77;107;76;109;76;113;81;105;106;89;100;93;95;100;93;103;92;100;94;96;111;78;96;91;88;98;93;91;83;97;86;99;86;100;82;103;78;109;89;91;111;67;111;66;102;73
Hungary;HUN;Central Europe;195;27;184;31;183;35;175;41;169;47;154;49;153;49;152;50;140;53;143;54;145;47;142;51;142;50;142;50;135;60;125;66;121;73;123;69;99;91;94;97;93;96;91;93;92;92;90;96;88;91;90;91;92;88;97;80;93;85;101;78;109;70;110;68;102;74
Niger;NER;Sub-Saharan Africa;29;118;..;..;..;..;..;..;53;134;40;136;37;138;39;137;42;132;50;128;46;130;50;128;40;137;39;138;74;123;63;133;63;133;62;134;64;129;60;136;64;130;66;129;74;120;61;132;73;116;73;114;78;105;84;100;79;106;80;107;81;103;76;108;101;75
Burkina Faso;BFA;Sub-Saharan Africa;97;86;86;91;84;104;79;111;77;118;68;120;64;123;67;120;63;119;73;110;66;117;64;120;63;123;48;131;72;125;72;123;69;129;75;118;75;117;73;119;69;122;70;120;69;131;69;122;71;119;69;122;66;126;67;121;79;108;86;97;83;102;89;90;101;76
Bolivia;BOL;South America;153;50;141;55;132;71;120;80;140;69;121;78;115;79;122;75;127;67;110;85;113;81;122;72;116;80;118;74;113;76;108;82;114;82;124;66;133;54;128;62;124;61;123;61;125;57;124;56;124;55;117;61;102;77;105;73;103;71;101;76;99;82;99;81;100;77
Portugal;PRT;Western Europe;135;61;136;59;136;68;140;66;139;72;139;63;136;64;133;64;127;66;127;69;125;70;125;68;125;71;124;69;126;70;127;65;125;65;123;72;123;70;124;67;128;58;121;63;119;66;120;63;113;66;112;68;116;60;110;68;105;69;105;70;106;74;108;72;100;78
India;IND;South Asia;103;77;98;83;98;91;99;96;93;107;94;97;93;94;94;97;95;93;99;89;99;90;97;93;97;95;95;98;97;96;102;91;97;97;95;97;97;93;104;84;101;88;97;90;95;89;91;94;92;87;91;89;94;84;96;81;100;74;102;75;105;75;100;79;99;79
Czech Republic;CZE;Central Europe;..;..;..;..;..;..;209;30;202;31;166;40;158;45;153;49;156;46;153;49;154;43;148;45;146;47;153;43;142;54;130;61;117;78;110;84;104;89;104;86;101;90;98;89;97;85;93;90;83;96;89;92;89;93;88;95;90;89;91;89;98;84;99;82;98;80
Spain;ESP;Western Europe;162;43;153;47;136;67;139;68;139;71;135;67;133;67;131;66;130;63;129;66;127;69;122;73;120;74;115;79;115;75;111;81;110;86;109;86;105;87;104;88;108;84;107;82;96;87;93;89;93;84;91;87;89;96;91;90;94;82;93;84;95;85;95;86;96;81
Peru;PER;South America;151;53;135;60;144;63;142;62;137;73;138;64;134;66;125;69;125;69;127;68;124;71;118;76;113;82;111;82;112;81;107;85;105;90;109;87;108;83;118;76;117;72;115;72;115;70;118;66;116;60;115;63;105;74;104;74;100;72;100;79;101;79;95;85;96;82
Senegal;SEN;Sub-Saharan Africa;83;95;80;100;77;108;81;109;84;111;72;115;67;115;65;122;56;124;63;118;52;125;54;124;53;130;53;130;79;117;84;105;87;104;90;106;85;107;86;104;82;105;82;105;77;113;84;101;60;133;63;131;93;85;91;89;98;76;92;86;88;98;95;87;94;83
Equatorial Guinea;GNQ;Sub-Saharan Africa;..;..;..;..;..;..;..;..;120;82;91;100;92;95;95;96;91;97;..;..;..;..;..;..;..;..;..;..;..;..;..;..;..;..;95;96;98;92;135;54;125;60;129;56;134;50;..;..;76;113;87;97;91;90;92;87;95;80;99;80;103;77;99;80;93;84
Netherlands;NLD;Western Europe;171;38;168;38;165;42;156;55;147;64;143;60;132;68;134;63;132;60;124;72;120;74;118;78;116;79;115;78;109;85;108;83;100;95;104;90;88;104;91;101;81;107;80;108;82;107;80;107;84;95;82;101;81;101;81;104;84;96;91;88;90;91;89;91;92;85
El Salvador;SLV;Central America and the Caribbean;147;55;136;58;120;77;101;94;104;96;88;103;86;104;84;107;81;105;90;98;82;104;88;102;88;100;81;108;76;120;76;117;76;117;76;117;78;114;80;109;79;109;79;110;78;111;79;108;74;115;77;107;76;109;77;108;82;101;83;101;88;97;85;100;91;86
Central African Republic;CAF;Sub-Saharan Africa;..;..;85;93;85;101;81;108;83;112;68;119;67;119;68;117;67;115;74;107;..;..;..;..;60;128;63;124;75;121;74;120;75;118;74;122;90;102;97;92;111;79;104;83;97;86;125;54;112;68;99;82;89;94;85;98;82;99;95;82;94;87;102;77;91;87
Belgium;BEL;Western Europe;185;31;176;34;167;41;164;45;139;70;133;68;123;76;122;73;116;76;115;78;113;80;107;84;106;89;104;91;103;91;91;101;87;103;88;108;89;103;84;106;88;99;85;98;83;102;82;102;80;102;79;104;92;89;91;88;89;90;89;92;91;89;88;92;91;88
Guinea;GIN;Sub-Saharan Africa;..;..;108;75;93;93;84;105;94;105;78;109;79;109;74;111;74;108;93;97;101;85;126;67;127;66;116;77;110;84;112;80;112;83;112;81;..;..;..;..;..;..;..;..;91;94;93;88;97;80;105;77;95;81;95;83;85;94;80;105;79;105;80;105;90;89
Ecuador;ECU;South America;126;64;121;70;117;80;120;81;112;89;129;71;119;78;122;74;126;68;114;79;108;84;110;82;111;83;119;73;111;82;117;75;107;87;113;79;114;76;120;73;115;76;115;71;112;74;111;73;108;72;99;81;98;80;95;84;94;81;91;87;95;86;92;89;90;90
Kazakhstan;KAZ;Central Asia;..;..;..;..;..;..;152;58;146;66;129;72;126;73;123;71;128;65;123;73;128;67;139;55;137;56;139;53;137;57;134;56;133;54;145;47;140;49;137;52;136;51;134;51;119;65;122;61;116;61;118;59;114;63;112;65;112;63;114;62;112;66;98;83;88;91
Nicaragua;NIC;Central America and the Caribbean;..;..;176;35;149;58;140;65;120;83;109;85;102;88;106;87;100;88;98;91;100;89;96;94;102;92;111;84;107;88;103;90;99;96;97;95;92;98;91;102;90;98;89;95;92;93;91;93;91;88;93;86;91;91;89;92;91;88;91;90;91;90;88;94;87;92
Bosnia and Herzegovina;BIH;Central Europe;..;..;..;..;..;..;..;..;..;..;..;..;..;..;..;..;..;..;..;..;..;..;..;..;140;52;116;75;96;97;165;33;122;69;139;50;138;51;145;48;142;47;139;48;140;47;92;92;91;89;89;93;90;92;88;94;89;92;88;95;89;95;93;88;87;93
Canada;CAN;North America;118;69;119;72;118;78;117;83;114;87;114;81;110;85;105;90;105;86;103;87;101;88;98;92;95;96;96;97;92;101;92;98;96;98;94;99;94;95;93;98;90;97;90;94;88;97;85;99;84;94;88;96;86;99;90;91;89;91;89;93;90;93;88;97;87;94
Malaysia;MYS;East Asia;146;56;156;46;159;47;155;56;154;58;146;56;137;62;130;67;117;75;126;70;127;68;135;57;136;58;144;48;140;55;138;53;134;51;132;55;126;63;124;69;115;77;113;73;106;82;106;78;107;75;108;74;105;76;97;79;94;84;85;98;87;99;87;98;86;95
Moldova;MDA;Eastern Europe;..;..;..;..;..;..;110;89;106;95;112;84;111;83;118;78;107;85;104;86;101;86;101;89;101;94;101;94;91;103;99;94;102;93;103;92;106;85;92;100;85;101;86;97;86;100;86;98;85;93;86;98;88;97;87;96;86;93;88;94;89;96;88;95;86;96
Austria;AUT;Western Europe;126;63;124;66;124;75;121;79;119;84;122;77;121;77;117;80;118;74;120;75;116;77;114;81;111;84;111;83;112;79;114;77;115;79;112;82;114;78;110;82;104;86;104;86;79;109;78;109;78;107;73;113;75;111;76;109;81;103;87;96;89;94;88;93;85;97
Germany;DEU;Western Europe;99;80;161;41;157;50;136;69;127;80;125;76;124;74;121;76;113;81;112;81;111;82;107;85;108;86;107;90;112;80;108;84;104;92;104;91;104;88;104;87;100;91;84;100;82;106;81;104;79;104;76;110;80;102;80;105;83;98;83;102;85;100;84;103;85;98
Ethiopia;ETH;Sub-Saharan Africa;251;16;175;36;140;65;130;76;161;52;91;99;90;98;113;81;153;50;203;25;159;42;124;69;117;77;142;49;142;53;136;55;126;63;118;77;110;80;102;91;99;92;98;88;94;90;93;87;92;86;55;136;52;138;52;137;73;111;71;117;64;124;62;124;84;99
Luxembourg;LUX;Western Europe;62;106;63;106;63;118;59;124;66;127;55;127;54;128;54;129;55;127;33;135;33;138;37;137;28;142;28;143;28;150;33;148;31;151;30;152;25;153;25;153;27;153;84;102;82;104;81;103;81;101;82;102;80;103;83;102;82;100;83;100;80;104;77;107;83;100
Mozambique;MOZ;Sub-Saharan Africa;164;41;120;71;127;73;125;77;141;68;88;102;80;108;78;109;75;107;86;101;85;102;79;106;77;112;76;113;101;94;91;100;86;106;82;113;81;110;75;116;79;110;76;115;75;117;75;114;81;99;77;106;75;110;73;113;79;107;80;106;90;92;88;96;81;101
Albania;ALB;Central Europe;261;13;261;14;254;14;262;15;255;17;249;11;224;18;186;32;186;30;155;46;189;27;163;36;162;37;154;42;154;45;154;45;133;52;138;51;94;94;83;107;83;104;83;104;82;105;80;106;54;138;50;141;49;141;50;139;49;137;75;110;75;108;73;111;80;102
China;CHN;East Asia;155;47;151;51;151;57;113;86;106;94;102;89;100;91;100;94;100;90;102;88;99;91;103;88;105;91;102;93;101;95;100;92;101;94;98;94;93;96;95;94;88;100;86;96;86;99;88;97;88;90;88;95;87;98;85;99;83;97;83;99;84;101;84;102;80;103
Fiji;FJI;Oceania;79;96;80;98;74;111;70;116;68;124;66;121;60;126;58;126;56;125;73;111;86;100;89;100;83;107;78;110;79;116;73;121;79;113;93;100;79;112;83;108;79;108;80;109;77;115;69;121;81;98;66;127;71;116;78;107;93;86;94;83;93;88;83;104;78;104
Cameroon;CMR;Sub-Saharan Africa;68;100;69;103;69;114;63;122;75;120;73;114;67;120;71;113;73;110;74;108;63;119;62;122;64;122;66;121;81;114;85;104;87;105;84;110;86;106;85;105;83;103;78;112;79;110;78;111;76;110;77;109;78;106;59;129;73;112;76;109;75;109;73;112;74;105
Swaziland;SWZ;Sub-Saharan Africa;..;..;..;..;..;..;..;..;..;..;..;..;..;..;..;..;..;..;..;..;..;..;..;..;..;..;..;..;..;..;..;..;..;..;95;98;102;90;103;89;108;82;..;..;..;..;..;..;..;..;..;..;..;..;..;..;..;..;..;..;..;..;..;..;73;106
Honduras;HND;Central America and the Caribbean;106;73;90;89;89;96;88;102;87;109;88;104;74;112;..;..;..;..;..;..;66;116;68;117;67;119;70;118;61;134;62;135;63;132;64;132;68;123;70;123;71;119;72;117;72;123;81;105;80;103;81;103;74;114;83;101;81;104;81;104;72;114;73;110;73;107
Nepal;NPL;South Asia;45;116;45;117;44;129;43;133;47;136;40;137;39;137;40;136;40;133;41;133;45;131;47;131;59;129;65;123;95;98;98;96;95;99;91;105;92;99;92;99;63;131;64;132;91;95;91;95;92;85;90;90;92;87;89;93;82;102;78;108;78;106;75;109;73;108
Zimbabwe;ZWE;Sub-Saharan Africa;183;32;180;32;172;39;167;42;188;36;180;36;176;35;176;39;176;36;159;43;167;35;161;37;179;29;137;54;143;51;125;67;133;53;138;52;132;56;132;57;94;95;111;78;120;64;119;64;114;65;111;70;105;75;102;75;92;87;82;103;67;120;85;101;72;109
Zambia;ZMB;Sub-Saharan Africa;147;54;124;67;127;74;98;98;116;86;100;92;87;103;85;106;83;103;99;90;87;99;86;103;86;104;..;..;94;99;106;87;105;91;111;83;110;81;104;85;97;93;94;92;95;88;96;83;102;77;102;78;89;95;86;97;79;105;74;113;71;115;67;119;70;110
Afghanistan;AFG;South Asia;..;..;..;..;..;..;..;..;..;..;..;..;..;..;..;..;..;..;..;..;..;..;..;..;..;..;..;..;87;106;69;127;74;121;83;112;80;111;95;95;111;80;118;67;108;78;117;67;122;58;115;62;114;62;114;60;113;60;115;61;116;60;86;99;70;111
Tanzania;TZA;Sub-Saharan Africa;99;83;101;81;100;88;85;104;83;113;89;101;88;100;87;100;85;101;81;104;78;106;70;115;92;97;85;101;83;111;77;115;75;119;74;120;43;145;45;145;48;142;50;142;74;121;75;116;70;121;71;118;70;117;69;116;69;116;68;120;69;118;69;116;69;112
Jamaica;JAM;Central America and the Caribbean;52;111;46;115;56;121;46;132;39;140;36;138;37;139;38;138;34;135;33;136;32;139;33;140;36;140;40;136;32;147;31;149;34;149;35;149;47;142;47;143;45;144;47;146;48;146;45;144;45;141;51;139;53;135;54;134;61;126;73;115;72;113;68;118;68;113
Brazil;BRA;South America;104;76;96;85;87;99;93;100;98;102;93;98;87;102;85;104;87;100;85;102;85;101;89;99;87;102;82;104;81;113;77;116;73;122;75;119;73;119;75;115;75;113;75;116;75;118;74;118;74;114;74;112;74;113;74;111;76;110;75;111;73;112;70;114;68;114
New Zealand;NZL;Oceania;123;66;118;73;114;81;110;90;107;93;106;88;104;87;101;93;100;87;94;96;92;97;90;98;83;108;81;106;71;128;80;112;81;110;79;115;78;113;79;111;79;111;78;113;75;119;73;119;70;120;70;120;70;118;70;115;70;115;74;112;74;110;71;113;68;115
South Africa;ZAF;Sub-Saharan Africa;162;42;152;48;146;61;141;64;135;76;131;69;124;75;112;83;100;89;96;93;99;92;100;91;101;93;99;95;94;100;92;99;91;102;88;109;87;105;88;103;84;102;84;101;77;112;77;113;76;111;74;111;75;112;74;112;73;113;73;114;74;111;70;115;68;116
Japan;JPN;East Asia;75;99;75;101;76;110;75;112;74;121;74;111;73;113;73;112;72;111;72;113;71;111;70;114;71;115;70;117;69;129;69;129;69;128;67;129;67;125;69;125;69;123;68;123;69;129;68;123;68;123;67;124;67;124;67;123;67;120;68;121;67;119;67;120;68;117
Bangladesh;BGD;South Asia;51;112;51;112;55;122;58;126;70;122;64;123;64;124;68;119;68;112;70;114;65;118;76;110;69;118;65;122;65;132;63;134;63;134;64;133;64;127;67;128;70;121;70;119;69;128;68;124;67;124;69;123;69;121;66;124;67;119;70;118;70;116;68;117;68;118
Benin;BEN;Sub-Saharan Africa;62;107;64;105;63;117;63;123;..;..;..;..;..;..;..;..;..;..;46;131;39;135;36;138;45;135;39;140;66;131;66;132;66;131;67;130;61;134;64;132;64;129;63;133;66;134;66;126;67;125;71;119;68;122;75;110;63;124;59;127;58;134;61;129;67;119
Tajikistan;TJK;Central Asia;..;..;..;..;79;107;72;114;76;119;113;83;91;97;90;99;91;96;83;103;55;123;53;125;66;120;67;119;72;126;71;125;71;125;68;128;64;130;63;135;62;132;65;131;62;137;61;133;63;129;66;125;64;129;60;127;60;129;59;131;61;128;61;126;63;120
Cote D'Ivoire;CIV;Sub-Saharan Africa;35;117;36;120;36;132;35;138;28;143;28;143;24;144;23;144;23;142;23;141;23;141;..;..;..;..;36;141;65;133;67;131;67;130;70;127;64;128;67;127;65;128;68;121;70;125;68;125;65;128;65;129;65;128;58;130;61;128;59;129;60;130;58;132;62;121
Dominican Republic;DOM;Central America and the Caribbean;55;109;42;118;49;126;55;129;62;130;50;130;52;130;57;128;56;126;56;124;68;113;73;112;69;117;61;126;59;136;60;137;50;140;47;141;63;131;63;133;54;138;51;140;52;143;58;135;57;135;60;133;60;131;48;141;61;127;61;126;59;132;56;135;60;122
Kenya;KEN;Sub-Saharan Africa;99;81;90;90;84;103;81;110;86;110;72;116;67;121;64;123;60;121;67;115;67;115;71;113;86;103;85;102;83;110;84;106;77;115;78;116;75;116;74;118;72;118;68;125;70;126;70;120;65;127;66;128;66;125;67;122;68;118;65;122;65;123;61;127;59;123
Indonesia;IDN;East Asia;76;98;75;102;76;109;103;92;103;97;100;91;101;90;110;85;95;92;52;127;49;128;43;133;48;132;77;111;81;112;74;119;71;124;72;124;68;124;66;131;67;125;67;127;69;130;75;115;71;117;71;116;69;120;68;118;64;123;64;124;66;121;60;130;59;124
Paraguay;PRY;South America;112;70;122;69;106;83;102;93;98;101;106;87;110;84;96;95;94;94;89;99;88;98;83;105;90;98;85;103;78;118;73;122;75;120;73;123;61;132;66;129;66;126;68;122;77;114;77;112;77;109;72;115;70;119;68;119;68;117;69;119;69;117;62;125;59;125
Gambia;GMB;Sub-Saharan Africa;23;120;24;122;20;134;14;142;15;146;14;145;18;146;18;146;17;143;17;142;13;143;10;144;10;147;26;145;24;151;27;152;28;152;34;150;52;139;36;152;36;152;34;152;44;150;43;146;45;143;51;140;50;140;49;140;39;144;58;132;63;126;61;128;59;126
Liberia;LBR;Sub-Saharan Africa;97;84;137;57;156;51;196;34;316;7;210;24;234;14;233;16;..;..;..;..;..;..;..;..;..;..;..;..;72;127;82;109;47;141;40;146;55;138;53;139;56;137;61;134;64;136;62;131;61;130;55;135;55;134;53;135;49;138;50;138;51;139;52;138;58;127
Lesotho;LSO;Sub-Saharan Africa;90;91;82;95;87;100;84;106;99;100;95;96;89;99;87;101;88;99;111;83;97;94;90;97;87;101;108;87;87;107;86;102;86;107;89;107;75;115;69;126;94;94;82;106;80;108;78;110;78;105;77;108;58;132;62;126;62;125;59;130;59;133;54;136;58;128
Philippines;PHL;East Asia;91;89;93;87;93;94;95;99;95;104;98;94;96;92;86;103;81;104;78;105;79;105;77;108;77;111;77;112;73;124;69;128;69;126;70;125;68;122;69;124;61;133;60;136;58;138;60;134;58;134;59;134;56;133;65;125;64;122;62;125;64;125;65;122;56;129
Seychelles;SYC;Sub-Saharan Africa;225;22;229;19;233;21;234;20;245;19;163;43;158;44;69;114;64;117;73;112;63;120;63;121;62;124;62;125;74;122;70;126;69;127;70;126;72;120;66;130;57;135;60;135;70;127;58;136;81;100;63;132;61;130;59;128;56;130;56;133;60;129;79;106;56;130
Malawi;MWI;Sub-Saharan Africa;61;108;53;110;63;119;58;125;61;131;33;141;36;140;37;139;32;138;31;138;34;136;38;136;22;144;20;147;56;138;67;130;60;135;59;136;61;133;63;134;58;134;56;138;58;139;62;130;57;137;54;137;44;142;55;132;43;141;49;140;60;131;58;133;55;131
Argentina;ARG;South America;104;75;106;79;100;89;100;95;100;99;99;93;94;93;91;98;90;98;89;100;84;103;84;104;81;110;81;107;77;119;77;114;77;116;74;121;74;118;76;114;74;115;71;118;73;122;74;117;76;112;71;117;68;123;68;117;66;121;64;123;65;122;58;131;55;132
Guyana;GUY;South America;63;104;52;111;65;115;66;118;60;132;57;125;53;129;53;130;53;128;60;123;95;95;101;90;105;90;103;92;113;77;84;107;54;139;57;139;59;136;80;110;68;124;68;126;57;140;57;138;60;132;77;105;66;127;68;120;72;114;72;116;75;107;66;121;54;133
Belize;BLZ;Central America and the Caribbean;53;110;49;113;56;120;58;127;67;126;66;122;65;122;68;118;67;114;49;129;48;129;47;132;46;134;47;132;47;141;49;140;37;146;36;148;44;144;55;138;51;139;49;143;44;149;46;142;47;140;46;142;52;137;54;133;54;133;54;136;62;127;57;134;53;134
Nigeria;NGA;Sub-Saharan Africa;64;103;62;108;52;124;65;119;67;125;48;131;40;135;41;134;44;130;62;120;44;133;53;126;60;126;56;129;53;140;49;141;47;142;44;143;47;141;48;142;49;141;49;144;46;147;44;145;42;146;42;144;43;144;43;142;48;139;47;142;52;138;64;123;53;135
Mexico;MEX;Central America and the Caribbean;47;115;42;119;42;131;41;136;43;138;42;135;43;134;47;132;48;129;49;130;49;127;48;130;47;133;46;133;44;142;43;144;40;144;43;144;42;146;46;144;45;143;45;147;45;148;46;143;45;142;44;143;44;143;42;143;47;140;49;139;53;137;52;137;50;136
Sierra Leone;SLE;Sub-Saharan Africa;48;113;62;107;73;112;64;120;68;123;59;124;50;131;26;143;33;137;55;126;62;121;67;118;60;127;58;128;86;108;83;108;82;109;80;114;71;121;73;120;73;117;68;124;66;132;63;129;70;122;66;126;72;115;38;146;55;132;52;137;49;140;50;139;50;137
Congo, Democratic Republic of the ;COD;Sub-Saharan Africa;..;..;..;..;..;..;134;72;148;63;125;75;67;116;61;125;30;139;61;122;17;142;22;141;21;145;45;134;55;139;57;138;58;138;61;135;48;140;70;122;77;112;83;103;86;101;84;100;78;106;86;100;79;104;72;114;54;134;55;134;56;136;49;140;50;138
Timor-Leste;TLS;East Asia;..;..;..;..;..;..;..;..;..;..;..;..;..;..;..;..;..;..;..;..;..;..;..;..;..;..;..;..;..;..;71;124;110;85;93;101;82;109;96;93;73;116;56;137;71;124;64;128;60;131;64;130;53;136;52;136;52;135;59;128;58;135;45;143;45;139
Guatemala;GTM;Central America and the Caribbean;95;87;80;99;89;98;83;107;79;117;75;110;70;114;64;124;61;120;67;116;75;108;77;107;70;116;71;116;60;135;44;142;44;143;42;145;44;143;49;141;51;140;50;141;53;142;52;140;50;139;40;147;41;145;58;131;55;131;55;135;45;143;43;144;45;140
Madagascar;MDG;Sub-Saharan Africa;62;105;66;104;51;125;64;121;65;128;54;129;62;125;66;121;58;123;61;121;54;124;58;123;72;114;71;115;68;130;61;136;59;136;58;138;58;137;51;140;45;145;49;145;48;145;47;141;44;145;42;145;41;146;41;144;41;142;42;144;46;142;46;141;45;141
Ireland;IRL;Western Europe;91;90;91;88;90;95;89;101;88;108;86;105;82;107;79;108;74;109;74;109;72;109;70;116;61;125;59;127;58;137;55;139;58;137;59;137;60;135;58;137;57;136;55;139;53;141;58;137;57;136;53;138;52;139;51;138;50;136;48;141;48;141;46;142;45;142
Ghana;GHA;Sub-Saharan Africa;24;119;28;121;27;133;29;139;33;142;24;144;21;145;22;145;24;141;27;140;29;140;21;142;20;146;22;146;30;148;28;151;34;150;44;142;40;147;43;146;40;147;44;148;49;144;42;147;44;144;40;146;36;150;39;145;39;143;42;143;39;144;42;145;41;143
Cape Verde;CPV;Sub-Saharan Africa;94;88;94;86;72;113;68;117;79;116;46;133;36;141;35;140;35;134;40;134;45;132;33;139;30;141;30;142;29;149;30;150;27;153;25;153;29;152;39;151;37;149;81;107;82;103;37;150;38;147;36;151;38;148;35;149;35;145;33;146;38;145;35;147;34;144
Trinidad and Tobago;TTO;Central America and the Caribbean;..;..;..;..;..;..;23;141;26;144;29;142;31;143;31;141;..;..;..;..;..;..;20;143;23;143;27;144;36;146;37;147;35;148;33;151;36;151;39;150;36;150;34;153;37;153;40;148;37;149;38;148;41;147;38;147;32;148;32;148;34;147;39;146;34;145
Papua New Guinea;PNG;Oceania;64;102;45;116;42;130;41;135;48;135;34;139;40;136;40;135;34;136;28;139;55;122;51;127;40;138;39;137;41;143;42;145;18;154;19;154;38;149;42;148;36;151;37;151;42;151;37;151;36;150;38;149;18;152;17;151;33;147;35;145;36;146;34;148;33;146
Mauritius;MUS;Sub-Saharan Africa;..;..;..;..;..;..;25;140;25;145;34;140;33;142;30;142;29;140;32;137;34;137;41;134;42;136;42;135;41;144;40;146;39;145;39;147;39;148;39;149;38;148;37;150;39;152;40;149;37;148;37;150;38;149;37;148;34;146;32;147;33;148;33;149;33;147
Malta;MLT;Western Europe;47;114;47;114;49;127;49;130;57;133;47;132;48;132;46;133;42;131;41;132;41;134;40;135;39;139;39;139;40;145;44;143;35;147;55;140;37;150;42;147;41;146;38;149;36;154;35;152;33;151;32;152;33;151;32;150;31;149;31;149;32;149;26;150;26;148
Haiti;HTI;Central America and the Caribbean;11;121;11;123;11;135;11;143;12;147;8;146;3;147;3;147;3;144;..;..;..;..;..;..;..;..;..;..;..;..;..;..;..;..;..;..;..;..;..;..;..;..;..;..;..;..;0;153;0;152;2;153;2;153;2;152;3;150;4;150;8;150;5;151;4;149
Syria;SYR;Middle East;318;4;339;4;329;4;313;4;311;8;312;4;298;4;280;6;280;7;289;6;287;6;284;4;280;5;284;4;275;4;270;4;264;4;254;4;246;3;254;3;251;3;254;3;238;6;241;5;..;..;..;..;..;..;..;..;..;..;..;..;..;..;..;..;..;..
Vietnam;VNM;East Asia;235;20;214;22;182;36;164;46;163;50;162;44;161;43;159;46;..;..;..;..;..;..;..;..;..;..;160;36;157;42;151;47;158;41;163;33;160;38;161;38;160;34;155;40;154;35;154;33;157;30;157;28;158;25;154;28;153;25;153;26;153;27;153;25;..;..
Yemen;YEM;Middle East;228;21;227;21;226;23;226;23;223;26;204;26;200;25;223;18;222;17;215;23;204;24;206;22;221;16;201;22;197;22;192;23;185;27;189;22;183;24;193;19;185;21;189;18;183;20;178;22;174;20;111;71;112;67;112;66;..;..;..;..;..;..;..;..;..;..
Somalia;SOM;Sub-Saharan Africa;79;97;80;97;82;106;..;..;..;..;..;..;..;..;..;..;..;..;..;..;..;..;..;..;..;..;..;..;..;..;..;..;..;..;..;..;..;..;..;..;..;..;..;..;..;..;..;..;..;..;..;..;..;..;..;..;..;..;..;..;..;..;..;..;..;..
Panama;PAN;Central America and the Caribbean;65;101;58;109;55;123;57;128;63;129;55;128;67;117;69;116;63;118;56;125;50;126;49;129;49;131;..;..;..;..;..;..;..;..;..;..;..;..;..;..;..;..;..;..;..;..;..;..;..;..;..;..;..;..;..;..;..;..;..;..;..;..;..;..;..;..
Djibouti;DJI;Sub-Saharan Africa;..;..;229;20;226;24;223;26;249;18;214;22;203;24;197;29;193;25;240;14;223;17;223;16;216;17;213;16;204;21;192;24;188;24;165;31;158;40;163;36;163;28;160;30;..;..;..;..;..;..;..;..;..;..;..;..;..;..;..;..;..;..;..;..;..;..
Laos;LAO;East Asia;..;..;..;..;251;15;243;16;265;13;239;14;222;21;209;25;190;26;162;41;153;44;149;43;140;51;136;55;132;62;132;58;130;59;127;63;125;64;122;71;118;69;116;69;115;71;113;71;111;70;109;73;109;71;..;..;..;..;..;..;..;..;..;..;..;..
Eritrea;ERI;Sub-Saharan Africa;..;..;..;..;..;..;299;6;243;20;230;17;243;12;252;14;348;1;462;1;500;1;446;1;431;1;450;1;441;1;432;1;429;1;..;..;..;..;..;..;..;..;..;..;..;..;..;..;..;..;..;..;..;..;..;..;..;..;..;..;..;..;..;..;..;..
Turkmenistan;TKM;Central Asia;..;..;..;..;..;..;..;..;211;29;187;32;183;33;209;26;189;27;189;28;179;32;177;30;173;33;..;..;..;..;..;..;..;..;..;..;..;..;..;..;..;..;..;..;..;..;..;..;..;..;..;..;..;..;..;..;..;..;..;..;..;..;..;..;..;..
Uzbekistan;UZB;Central Asia;..;..;..;..;..;..;..;..;107;92;85;107;91;96;105;88;108;84;112;82;98;93;88;101;82;109;80;109;79;115;80;111;80;112;..;..;..;..;..;..;..;..;..;..;..;..;..;..;..;..;..;..;..;..;..;..;129;48;127;51;131;47;132;46;..;..
United Arab Emirates;ARE;Middle East;..;..;..;..;..;..;..;..;..;..;..;..;..;..;296;4;295;5;285;7;289;4;263;7;235;12;237;11;243;10;231;11;219;13;209;15;203;17;212;13;216;11;211;11;210;11;222;7;221;8;220;7;219;9;216;8;..;..;..;..;..;..;..;..;..;..
Libya;LBY;North Africa;..;..;..;..;..;..;..;..;..;..;..;..;..;..;254;13;264;10;248;13;245;12;229;14;224;15;223;15;224;14;217;14;206;19;200;19;208;15;203;17;203;15;85;99;120;63;134;49;158;28;154;32;153;30;134;46;..;..;..;..;..;..;..;..;..;..
Cuba;CUB;Central America and the Caribbean;..;..;..;..;..;..;..;..;..;..;..;..;..;..;..;..;..;..;..;..;..;..;..;..;..;..;..;..;..;..;..;..;..;..;..;..;..;..;161;37;162;30;158;32;169;25;163;27;160;25;157;29;157;27;155;25;155;24;155;25;152;28;153;26;..;..